minute,t,heapMB,heapTotalMB,nodes,listeners,docs,fps,rafPerSec,scrubs,layers,bodies,bpm,audio,heapPerfMem,domNodes,inkCells,nan,errors
0,9,4,4.6,4882,776,3,12.4,24.8,46,3,1492,66,live,6.8,1504,809,0,0
1,66,4.6,5.8,5068,822,3,13.6,27.2,46,3,1492,127.6,live,7.2,1504,796,0,0
2,126,4.8,5.8,5068,822,3,12,24,46,3,1492,128.9,live,7.3,1504,956,0,0
3,186,4.9,5.8,5070,822,3,14.2,28.5,46,3,1492,137.8,live,8.3,1504,800,0,0
4,247,6.5,8.1,5144,822,3,13.1,26.2,46,3,1492,62,live,13,1504,926,0,0
5,306,4.9,6.1,5063,822,3,14.2,28.4,46,3,1492,64.1,live,10.4,1504,831,0,0
6,366,5.2,7.1,5071,822,3,13.1,26.2,46,3,1492,124.9,live,7.3,1504,865,0,0
7,426,4.9,6.1,5067,822,3,13.3,26.6,46,3,1492,128.8,live,8.2,1504,845,0,0
8,486,5.2,5.8,5077,822,3,14.8,29.5,46,3,1492,63,live,12,1504,877,0,0
9,546,4.9,5.8,5068,822,3,13.8,27.5,46,3,1492,129.1,live,9.6,1504,939,0,0
10,606,5.4,7.1,5074,822,3,13.5,27,46,3,1492,62.8,live,13.5,1504,879,0,0
11,666,4.9,5.8,5067,822,3,12.5,25,46,3,1492,122.4,live,10.5,1504,861,0,0
12,726,5.3,7.3,5075,822,3,16.7,33.4,46,3,1492,130.5,live,7.7,1504,864,0,0
13,786,5,6.1,5069,822,3,13.9,27.7,46,3,1492,64.1,live,11,1504,824,0,0
14,846,5,5.6,5069,822,3,19.4,38.8,46,3,1492,127.5,live,7.2,1504,803,0,0
15,906,4.9,6.1,5062,822,3,17.4,34.7,46,3,1492,126.2,live,10.5,1504,863,0,0